model,balanced_accuracy,auc,mae
pairwise_logistic,0.7,0.6666666666666667,0.2727272727272727
ordinal_logistic,0.7000000000000001,0.8601010101010101,0.29411764705882354
